Snapshot_Date,SKU,Current_Stock,On_Order,Lead_Time_Days,Safety_Stock,Reorder_Point,Inventory_Value,Stock_Position,Avg_Weekly_Demand,Daily_Demand,Days_of_Cover,Forecast_Weekly_Units,Lead_Time_Demand,Target_Stock,Product_Name,Category,Cost_Price,Risk_Status
2025-12-01,SKU012,47,60,12,16,58,67949.78,107,183.53,26.21857142857143,4.081076663215823,155.96,267.36,283.36,Product 012,Home Decor,1256.89,High Risk (Stockout)
2025-12-01,SKU040,67,29,9,36,93,78024.85,96,109.93,15.704285714285716,6.112980987901391,84.69,108.88714285714286,144.88714285714286,Product 040,Storage,5169.07,High Risk (Stockout)
2025-12-01,SKU034,34,103,5,34,58,52497.36,137,141.81,20.25857142857143,6.762569635427685,125.54,89.67142857142858,123.67142857142858,Product 034,Lighting,1333.43,Healthy
2025-12-01,SKU031,93,40,13,28,113,234857.55,133,132.42,18.917142857142856,7.0306600211448425,101.29,188.11,216.11,Product 031,Furniture,6300.65,High Risk (Stockout)
2025-12-01,SKU017,95,26,12,108,274,636809.7,121,99.57,14.224285714285713,8.50657828663252,94.005,161.15142857142857,269.1514285714286,Product 017,Home Decor,6703.26,High Risk (Stockout)
2025-12-01,SKU010,83,70,13,22,60,595250.27,153,119.76,17.10857142857143,8.942885771543086,102.17,189.74428571428572,211.74428571428572,Product 010,Storage,3889.06,High Risk (Stockout)
2025-12-01,SKU042,90,120,6,41,88,698500.8,210,159.57,22.795714285714286,9.21225794322241,149.075,127.77857142857141,168.7785714285714,Product 042,Home Decor,4583.86,Healthy
2025-12-01,SKU026,160,70,5,31,59,988598.4,230,159.04,22.72,10.123239436619718,138.0,98.57142857142857,129.57142857142856,Product 026,Furniture,1799.29,Overstock Risk
2025-12-01,SKU018,235,102,8,66,184,627647.4,337,177.51,25.358571428571427,13.289392146921301,158.305,180.92,246.92,Product 018,Kitchen,5677.05,Healthy
2025-12-01,SKU023,130,79,12,41,148,494858.0,209,104.01,14.858571428571429,14.06595519661571,95.7,164.05714285714285,205.05714285714285,Product 023,Kitchen,2484.54,Healthy
2025-12-01,SKU009,75,89,7,63,131,224818.5,164,75.04,10.72,15.298507462686567,74.1,74.1,137.1,Product 009,Lighting,3121.06,Overstock Risk
2025-12-01,SKU013,151,95,4,32,61,1169978.2,246,99.1,14.157142857142857,17.37638748738648,77.285,44.16285714285714,76.16285714285715,Product 013,Kitchen,3936.71,Overstock Risk
2025-12-01,SKU045,307,142,4,88,142,558224.24,449,179.55,25.650000000000002,17.50487329434698,158.285,90.44857142857143,178.44857142857143,Product 045,Storage,3634.56,Overstock Risk
2025-12-01,SKU048,106,50,3,22,31,381464.32,156,59.44,8.491428571428571,18.371467025572006,45.815,19.634999999999998,41.635,Product 048,Kitchen,6863.87,Overstock Risk
2025-12-01,SKU033,208,168,12,55,183,707096.0,376,127.44,18.205714285714286,20.652856246076585,102.66,175.98857142857142,230.98857142857142,Product 033,Kitchen,4657.74,Overstock Risk
2025-12-01,SKU019,227,114,14,25,126,738421.92,341,113.53,16.21857142857143,21.02527966176341,102.46,204.92,229.92,Product 019,Lighting,2670.84,Healthy
2025-12-01,SKU021,88,97,9,36,88,27021.28,185,60.11,8.587142857142856,21.543836300116457,49.2,63.25714285714287,99.25714285714287,Product 021,Furniture,6486.92,Overstock Risk
2025-12-01,SKU047,201,129,9,44,99,1231834.53,330,104.35,14.907142857142857,22.137038811691426,87.565,112.58357142857143,156.58357142857142,Product 047,Home Decor,3416.1,Overstock Risk
2025-12-01,SKU044,223,39,5,55,93,222337.69,262,68.95,9.85,26.598984771573605,59.66,42.614285714285714,97.61428571428571,Product 044,Lighting,488.84,Overstock Risk
2025-12-01,SKU007,207,460,8,98,237,941442.21,667,174.52,24.931428571428572,26.75338070135228,158.9,181.6,279.6,Product 007,Home Decor,7748.2,Overstock Risk
2025-12-01,SKU024,341,18,14,60,259,454699.63,359,92.07,13.152857142857142,27.294449875095037,73.62,147.24,207.24,Product 024,Lighting,5539.34,Overstock Risk
2025-12-01,SKU027,567,103,3,83,133,2599048.62,670,170.1,24.3,27.57201646090535,153.505,65.78785714285713,148.78785714285715,Product 027,Home Decor,307.06,Overstock Risk
2025-12-01,SKU022,95,194,8,76,163,513246.05,289,71.28,10.182857142857143,28.381032547699213,78.56,89.78285714285714,165.78285714285715,Product 022,Home Decor,3252.96,Overstock Risk
2025-12-01,SKU008,325,155,3,91,161,2165845.5,480,114.94,16.419999999999998,29.2326431181486,103.6,44.4,135.4,Product 008,Kitchen,2775.15,Overstock Risk
2025-12-01,SKU014,309,334,10,130,299,964407.54,643,152.34,21.762857142857143,29.545752921097545,123.49,176.4142857142857,306.4142857142857,Product 014,Lighting,2008.55,Overstock Risk
2025-12-01,SKU016,255,187,11,30,129,512180.25,442,97.73,13.961428571428572,31.658651386472936,95.47,150.0242857142857,180.0242857142857,Product 016,Furniture,3637.93,Overstock Risk
2025-12-01,SKU046,119,182,4,46,96,563935.05,301,65.07,9.295714285714284,32.38051329337637,59.18,33.817142857142855,79.81714285714285,Product 046,Furniture,1913.03,Overstock Risk
2025-12-01,SKU043,559,211,12,142,393,2086495.45,770,156.74,22.391428571428573,34.38815873420952,126.785,217.34571428571428,359.3457142857143,Product 043,Kitchen,2605.61,Overstock Risk
2025-12-01,SKU035,670,76,8,137,304,3918347.6,746,149.91,21.415714285714284,34.83423387365753,142.91,163.32571428571427,300.3257142857143,Product 035,Storage,1137.61,Overstock Risk
2025-12-01,SKU028,174,55,11,114,337,85058.16,229,39.69,5.67,40.38800705467372,31.375,49.30357142857143,163.30357142857144,Product 028,Kitchen,6348.66,Reorder Attention
2025-12-01,SKU039,93,35,3,17,31,284026.65,128,22.17,3.1671428571428573,40.41497519170049,20.71,8.875714285714286,25.875714285714288,Product 039,Lighting,6178.74,Overstock Risk
2025-12-01,SKU030,166,32,9,43,104,342462.98,198,33.65,4.807142857142857,41.1887072808321,27.08,34.817142857142855,77.81714285714285,Product 030,Storage,5715.03,Overstock Risk
2025-12-01,SKU037,355,687,8,315,644,2004500.4,1042,175.08,25.011428571428574,41.66095499200365,153.21,175.09714285714287,490.0971428571429,Product 037,Home Decor,3901.0,Overstock Risk
2025-12-01,SKU041,440,40,4,78,139,2496001.2,480,78.43,11.204285714285716,42.840749713119976,71.51,40.862857142857145,118.86285714285714,Product 041,Furniture,4540.24,Overstock Risk
2025-12-01,SKU005,471,291,6,129,245,3500674.53,762,117.39,16.77,45.43828264758498,106.38,91.18285714285713,220.18285714285713,Product 005,Storage,5543.63,Overstock Risk
2025-12-01,SKU029,261,520,5,196,329,891602.1,781,110.92,15.845714285714285,49.28777497295348,98.96,70.68571428571428,266.6857142857143,Product 029,Lighting,5402.59,Overstock Risk
2025-12-01,SKU032,278,214,11,60,185,1269626.0,492,65.6,9.37142857142857,52.50000000000001,53.94,84.76285714285714,144.76285714285714,Product 032,Home Decor,3806.6,Overstock Risk
2025-12-01,SKU002,526,29,3,94,149,2974319.6,555,71.73,10.247142857142858,54.16143872856545,55.95,23.978571428571428,117.97857142857143,Product 002,Home Decor,3867.09,Overstock Risk
2025-12-01,SKU049,780,599,5,206,344,4123321.8,1379,176.75,25.25,54.613861386138616,155.295,110.925,316.925,Product 049,Lighting,2063.03,Overstock Risk
2025-12-01,SKU038,159,310,12,56,175,509262.69,469,54.17,7.738571428571428,60.60550119992616,54.68,93.73714285714286,149.73714285714286,Product 038,Kitchen,4630.58,Overstock Risk
2025-12-01,SKU003,349,12,3,88,123,2145941.67,361,40.69,5.812857142857142,62.10371098550013,33.825,14.496428571428572,102.49642857142857,Product 003,Kitchen,589.48,Overstock Risk
2025-12-01,SKU001,771,147,4,159,289,2815160.01,918,101.21,14.458571428571428,63.491749827092185,82.035,46.87714285714285,205.87714285714284,Product 001,Furniture,1758.45,Overstock Risk
2025-12-01,SKU020,1002,353,3,129,227,5550418.68,1355,97.55,13.935714285714285,97.23218862121989,94.405,40.45928571428571,169.45928571428573,Product 020,Storage,6700.01,Overstock Risk
2025-12-01,SKU015,187,245,9,119,265,235038.43,432,28.86,4.122857142857143,104.78170478170479,27.04,34.76571428571429,153.7657142857143,Product 015,Storage,5441.06,Overstock Risk
2025-12-01,SKU036,383,135,3,77,129,574446.38,518,33.75,4.821428571428571,107.43703703703704,31.025,13.29642857142857,90.29642857142858,Product 036,Furniture,5430.12,Overstock Risk
2025-12-01,SKU004,259,254,6,98,196,321905.92,513,32.39,4.627142857142857,110.86755171349182,31.32,26.845714285714283,124.84571428571428,Product 004,Lighting,1445.74,Overstock Risk
2025-12-01,SKU006,359,485,13,129,340,2378877.6,844,46.04,6.577142857142857,128.32319721980886,40.035,74.35071428571428,203.35071428571428,Product 006,Furniture,6021.91,Overstock Risk
2025-12-01,SKU050,328,525,14,69,316,1138983.28,853,43.53,6.218571428571429,137.16976797610843,45.305,90.61,159.61,Product 050,Storage,701.85,Overstock Risk
2025-12-01,SKU011,753,269,3,179,247,2911918.77,1022,18.68,2.6685714285714286,382.9764453961456,20.165,8.642142857142856,187.64214285714286,Product 011,Furniture,1718.4,Overstock Risk
2025-12-01,SKU025,1124,61,14,121,582,4384724.0,1185,19.08,2.7257142857142855,434.748427672956,17.225,34.45,155.45,Product 025,Storage,1333.08,Overstock Risk
