SKU,Date,Actual,RF_Forecast,Seasonal_Forecast,RF_Absolute_Error,Seasonal_Absolute_Error
SKU001,2025-10-12,82,75.675,82.0,6.325000000000003,0.0
SKU002,2025-10-12,56,68.445,65.0,12.444999999999993,9.0
SKU003,2025-10-12,33,34.56,34.0,1.5600000000000023,1.0
SKU004,2025-10-12,28,24.275,29.0,3.7250000000000014,1.0
SKU005,2025-10-12,107,99.765,96.0,7.234999999999999,11.0
SKU006,2025-10-12,38,41.65,38.0,3.6499999999999986,0.0
SKU007,2025-10-12,149,137.64,123.0,11.360000000000014,26.0
SKU008,2025-10-12,88,87.8,80.0,0.20000000000000284,8.0
SKU009,2025-10-12,51,70.955,65.0,19.955,14.0
SKU010,2025-10-12,83,94.61,79.0,11.61,4.0
SKU011,2025-10-12,16,20.14,16.0,4.140000000000001,0.0
SKU012,2025-10-12,140,143.13,144.0,3.1299999999999955,4.0
SKU013,2025-10-12,87,84.775,75.0,2.2249999999999943,12.0
SKU014,2025-10-12,122,126.385,126.0,4.385000000000005,4.0
SKU015,2025-10-12,16,23.935,29.0,7.934999999999999,13.0
SKU016,2025-10-12,84,80.605,85.0,3.394999999999996,1.0
SKU017,2025-10-12,76,77.6,67.0,1.5999999999999943,9.0
SKU018,2025-10-12,154,149.635,153.0,4.365000000000009,1.0
SKU019,2025-10-12,92,88.34,93.0,3.6599999999999966,1.0
SKU020,2025-10-12,107,78.92,83.0,28.08,24.0
SKU021,2025-10-12,48,46.265,39.0,1.7349999999999994,9.0
SKU022,2025-10-12,54,58.73,55.0,4.729999999999997,1.0
SKU023,2025-10-12,80,88.815,67.0,8.814999999999998,13.0
SKU024,2025-10-12,65,77.57,66.0,12.569999999999993,1.0
SKU025,2025-10-12,13,21.505,20.0,8.504999999999999,7.0
SKU026,2025-10-12,135,131.27,145.0,3.7299999999999898,10.0
SKU027,2025-10-12,149,153.09,126.0,4.090000000000003,23.0
SKU028,2025-10-12,31,31.13,29.0,0.129999999999999,2.0
SKU029,2025-10-12,92,85.92,96.0,6.079999999999998,4.0
SKU030,2025-10-12,25,34.535,18.0,9.534999999999997,7.0
SKU031,2025-10-12,109,107.695,109.0,1.3050000000000068,0.0
SKU032,2025-10-12,50,58.345,56.0,8.344999999999999,6.0
SKU033,2025-10-12,88,106.835,95.0,18.834999999999994,7.0
SKU034,2025-10-12,97,112.935,99.0,15.935000000000002,2.0
SKU035,2025-10-12,108,116.265,102.0,8.265,6.0
SKU036,2025-10-12,19,30.96,35.0,11.96,16.0
SKU037,2025-10-12,128,142.845,132.0,14.844999999999999,4.0
SKU038,2025-10-12,48,42.775,37.0,5.225000000000001,11.0
SKU039,2025-10-12,17,20.03,9.0,3.030000000000001,8.0
SKU040,2025-10-12,82,85.065,93.0,3.0649999999999977,11.0
SKU041,2025-10-12,54,73.58,82.0,19.58,28.0
SKU042,2025-10-12,137,138.745,125.0,1.7450000000000045,12.0
SKU043,2025-10-12,125,123.4,113.0,1.5999999999999943,12.0
SKU044,2025-10-12,49,49.855,57.0,0.8549999999999969,8.0
SKU045,2025-10-12,123,149.355,131.0,26.35499999999999,8.0
SKU046,2025-10-12,47,58.865,60.0,11.865000000000002,13.0
SKU047,2025-10-12,81,84.345,93.0,3.344999999999999,12.0
SKU048,2025-10-12,51,49.245,51.0,1.7550000000000026,0.0
SKU049,2025-10-12,137,148.935,151.0,11.935000000000002,14.0
SKU050,2025-10-12,39,30.005,33.0,8.995000000000001,6.0
SKU001,2025-10-19,82,87.025,88.0,5.025000000000006,6.0
SKU002,2025-10-19,59,67.625,72.0,8.625,13.0
SKU003,2025-10-19,26,41.485,27.0,15.485,1.0
SKU004,2025-10-19,24,25.02,29.0,1.0199999999999996,5.0
SKU005,2025-10-19,105,101.705,92.0,3.2950000000000017,13.0
SKU006,2025-10-19,29,42.795,37.0,13.795000000000002,8.0
SKU007,2025-10-19,158,150.265,128.0,7.735000000000014,30.0
SKU008,2025-10-19,115,88.725,71.0,26.275000000000006,44.0
SKU009,2025-10-19,63,56.355,58.0,6.645000000000003,5.0
SKU010,2025-10-19,96,90.01,74.0,5.989999999999995,22.0
SKU011,2025-10-19,11,19.885,13.0,8.885000000000002,2.0
SKU012,2025-10-19,128,139.62,144.0,11.620000000000005,16.0
SKU013,2025-10-19,61,82.5,80.0,21.5,19.0
SKU014,2025-10-19,120,121.67,123.0,1.6700000000000017,3.0
SKU015,2025-10-19,21,19.03,22.0,1.9699999999999989,1.0
SKU016,2025-10-19,86,83.685,84.0,2.3149999999999977,2.0
SKU017,2025-10-19,84,80.075,100.0,3.924999999999997,16.0
SKU018,2025-10-19,141,146.21,140.0,5.210000000000008,1.0
SKU019,2025-10-19,96,89.325,85.0,6.674999999999997,11.0
SKU020,2025-10-19,74,89.545,92.0,15.545000000000002,18.0
SKU021,2025-10-19,65,46.725,43.0,18.275,22.0
SKU022,2025-10-19,58,52.025,52.0,5.975000000000001,6.0
SKU023,2025-10-19,74,88.8,74.0,14.799999999999997,0.0
SKU024,2025-10-19,75,74.865,72.0,0.13500000000000512,3.0
SKU025,2025-10-19,17,20.91,26.0,3.91,9.0
SKU026,2025-10-19,138,129.04,141.0,8.960000000000008,3.0
SKU027,2025-10-19,127,149.695,121.0,22.694999999999993,6.0
SKU028,2025-10-19,32,31.115,34.0,0.8850000000000016,2.0
SKU029,2025-10-19,85,93.18,90.0,8.180000000000007,5.0
SKU030,2025-10-19,32,37.095,31.0,5.094999999999999,1.0
SKU031,2025-10-19,120,108.89,109.0,11.11,11.0
SKU032,2025-10-19,48,48.83,49.0,0.8299999999999983,1.0
SKU033,2025-10-19,100,95.905,104.0,4.094999999999999,4.0
SKU034,2025-10-19,115,107.15,116.0,7.849999999999994,1.0
SKU035,2025-10-19,129,125.605,126.0,3.394999999999996,3.0
SKU036,2025-10-19,19,28.41,29.0,9.41,10.0
SKU037,2025-10-19,147,133.405,129.0,13.594999999999999,18.0
SKU038,2025-10-19,44,47.605,52.0,3.604999999999997,8.0
SKU039,2025-10-19,16,20.045,18.0,4.045000000000002,2.0
SKU040,2025-10-19,81,83.61,96.0,2.6099999999999994,15.0
SKU041,2025-10-19,62,58.605,63.0,3.395000000000003,1.0
SKU042,2025-10-19,138,133.69,131.0,4.310000000000002,7.0
SKU043,2025-10-19,123,126.64,121.0,3.6400000000000006,2.0
SKU044,2025-10-19,56,51.775,61.0,4.225000000000001,5.0
SKU045,2025-10-19,120,140.2,142.0,20.19999999999999,22.0
SKU046,2025-10-19,40,61.52,42.0,21.520000000000003,2.0
SKU047,2025-10-19,76,88.57,84.0,12.569999999999993,8.0
SKU048,2025-10-19,59,47.435,51.0,11.564999999999998,8.0
SKU049,2025-10-19,152,137.97,129.0,14.030000000000001,23.0
SKU050,2025-10-19,31,32.165,38.0,1.1649999999999991,7.0
SKU001,2025-10-26,78,83.6,89.0,5.599999999999994,11.0
SKU002,2025-10-26,51,62.36,47.0,11.36,4.0
SKU003,2025-10-26,34,37.855,35.0,3.854999999999997,1.0
SKU004,2025-10-26,24,25.915,26.0,1.9149999999999991,2.0
SKU005,2025-10-26,98,93.205,85.0,4.795000000000002,13.0
SKU006,2025-10-26,34,39.77,29.0,5.770000000000003,5.0
SKU007,2025-10-26,131,152.29,124.0,21.289999999999992,7.0
SKU008,2025-10-26,81,103.245,97.0,22.245000000000005,16.0
SKU009,2025-10-26,52,59.005,52.0,7.005000000000003,0.0
SKU010,2025-10-26,86,93.53,92.0,7.530000000000001,6.0
SKU011,2025-10-26,18,19.675,9.0,1.6750000000000007,9.0
SKU012,2025-10-26,141,136.385,140.0,4.615000000000009,1.0
SKU013,2025-10-26,69,78.745,64.0,9.745000000000005,5.0
SKU014,2025-10-26,133,123.425,128.0,9.575000000000003,5.0
SKU015,2025-10-26,21,19.23,24.0,1.7699999999999996,3.0
SKU016,2025-10-26,73,82.425,82.0,9.424999999999997,9.0
SKU017,2025-10-26,61,80.635,82.0,19.635000000000005,21.0
SKU018,2025-10-26,135,156.555,159.0,21.555000000000007,24.0
SKU019,2025-10-26,84,91.38,86.0,7.3799999999999955,2.0
SKU020,2025-10-26,88,84.985,83.0,3.0150000000000006,5.0
SKU021,2025-10-26,44,52.045,55.0,8.045000000000002,11.0
SKU022,2025-10-26,51,54.385,47.0,3.384999999999998,4.0
SKU023,2025-10-26,91,85.085,84.0,5.915000000000006,7.0
SKU024,2025-10-26,82,63.56,62.0,18.439999999999998,20.0
SKU025,2025-10-26,17,20.755,16.0,3.754999999999999,1.0
SKU026,2025-10-26,124,132.3,137.0,8.300000000000011,13.0
SKU027,2025-10-26,130,149.435,151.0,19.435000000000002,21.0
SKU028,2025-10-26,30,29.625,26.0,0.375,4.0
SKU029,2025-10-26,98,88.575,96.0,9.424999999999997,2.0
SKU030,2025-10-26,27,33.5,26.0,6.5,1.0
SKU031,2025-10-26,114,114.385,112.0,0.3850000000000051,2.0
SKU032,2025-10-26,52,49.08,48.0,2.9200000000000017,4.0
SKU033,2025-10-26,95,101.26,114.0,6.260000000000005,19.0
SKU034,2025-10-26,101,111.52,111.0,10.519999999999996,10.0
SKU035,2025-10-26,135,114.56,102.0,20.439999999999998,33.0
SKU036,2025-10-26,34,24.2,21.0,9.8,13.0
SKU037,2025-10-26,139,139.725,141.0,0.7249999999999943,2.0
SKU038,2025-10-26,44,43.48,45.0,0.5200000000000031,1.0
SKU039,2025-10-26,19,19.64,19.0,0.6400000000000006,0.0
SKU040,2025-10-26,91,82.915,92.0,8.084999999999994,1.0
SKU041,2025-10-26,52,63.0,63.0,11.0,11.0
SKU042,2025-10-26,117,130.0,114.0,13.0,3.0
SKU043,2025-10-26,117,130.26,132.0,13.259999999999991,15.0
SKU044,2025-10-26,53,54.125,57.0,1.125,4.0
SKU045,2025-10-26,143,166.935,173.0,23.935000000000002,30.0
SKU046,2025-10-26,50,53.79,40.0,3.789999999999999,10.0
SKU047,2025-10-26,75,80.775,79.0,5.775000000000006,4.0
SKU048,2025-10-26,31,55.585,53.0,24.585,22.0
SKU049,2025-10-26,138,152.865,148.0,14.865000000000009,10.0
SKU050,2025-10-26,31,31.675,38.0,0.6750000000000007,7.0
SKU001,2025-11-02,93,79.565,83.0,13.435000000000002,10.0
SKU002,2025-11-02,70,63.08,65.0,6.920000000000002,5.0
SKU003,2025-11-02,41,31.14,17.0,9.86,24.0
SKU004,2025-11-02,32,22.605,32.0,9.395,0.0
SKU005,2025-11-02,104,105.2,109.0,1.2000000000000028,5.0
SKU006,2025-11-02,36,34.655,40.0,1.3449999999999989,4.0
SKU007,2025-11-02,152,148.19,152.0,3.8100000000000023,0.0
SKU008,2025-11-02,100,86.425,99.0,13.575000000000003,1.0
SKU009,2025-11-02,78,60.55,66.0,17.450000000000003,12.0
SKU010,2025-11-02,120,100.08,109.0,19.92,11.0
SKU011,2025-11-02,19,15.89,15.0,3.1099999999999994,4.0
SKU012,2025-11-02,151,163.0,183.0,12.0,32.0
SKU013,2025-11-02,79,88.655,93.0,9.655000000000001,14.0
SKU014,2025-11-02,127,127.015,132.0,0.015000000000000568,5.0
SKU015,2025-11-02,17,22.135,25.0,5.135000000000002,8.0
SKU016,2025-11-02,109,83.525,98.0,25.474999999999994,11.0
SKU017,2025-11-02,83,75.29,90.0,7.709999999999994,7.0
SKU018,2025-11-02,166,160.38,170.0,5.6200000000000045,4.0
SKU019,2025-11-02,91,87.74,98.0,3.260000000000005,7.0
SKU020,2025-11-02,101,82.7,71.0,18.299999999999997,30.0
SKU021,2025-11-02,58,51.715,58.0,6.284999999999997,0.0
SKU022,2025-11-02,62,50.74,56.0,11.259999999999998,6.0
SKU023,2025-11-02,84,94.035,86.0,10.034999999999997,2.0
SKU024,2025-11-02,83,76.535,86.0,6.465000000000003,3.0
SKU025,2025-11-02,20,18.01,21.0,1.9899999999999984,1.0
SKU026,2025-11-02,141,117.195,130.0,23.805000000000007,11.0
SKU027,2025-11-02,136,136.93,138.0,0.9300000000000068,2.0
SKU028,2025-11-02,31,27.455,40.0,3.5450000000000017,9.0
SKU029,2025-11-02,104,79.535,75.0,24.465000000000003,29.0
SKU030,2025-11-02,28,28.575,27.0,0.5749999999999993,1.0
SKU031,2025-11-02,110,117.215,129.0,7.215000000000003,19.0
SKU032,2025-11-02,67,45.915,51.0,21.085,16.0
SKU033,2025-11-02,95,101.62,118.0,6.6200000000000045,23.0
SKU034,2025-11-02,122,109.695,137.0,12.305000000000007,15.0
SKU035,2025-11-02,117,125.085,119.0,8.084999999999994,2.0
SKU036,2025-11-02,29,32.665,28.0,3.664999999999999,1.0
SKU037,2025-11-02,154,145.42,153.0,8.580000000000013,1.0
SKU038,2025-11-02,37,46.81,55.0,9.810000000000002,18.0
SKU039,2025-11-02,18,18.45,21.0,0.4499999999999993,3.0
SKU040,2025-11-02,103,90.235,89.0,12.765,14.0
SKU041,2025-11-02,67,59.95,66.0,7.049999999999997,1.0
SKU042,2025-11-02,134,127.615,136.0,6.385000000000005,2.0
SKU043,2025-11-02,147,118.11,130.0,28.89,17.0
SKU044,2025-11-02,60,47.975,59.0,12.024999999999999,1.0
SKU045,2025-11-02,143,135.67,145.0,7.3300000000000125,2.0
SKU046,2025-11-02,64,50.36,55.0,13.64,9.0
SKU047,2025-11-02,101,83.175,93.0,17.825000000000003,8.0
SKU048,2025-11-02,61,52.62,63.0,8.380000000000003,2.0
SKU049,2025-11-02,150,139.62,140.0,10.379999999999995,10.0
SKU050,2025-11-02,32,31.02,36.0,0.9800000000000004,4.0
SKU001,2025-11-09,92,89.85,99.0,2.1500000000000057,7.0
SKU002,2025-11-09,72,57.555,52.0,14.445,20.0
SKU003,2025-11-09,39,35.965,41.0,3.0349999999999966,2.0
SKU004,2025-11-09,27,28.89,29.0,1.8900000000000006,2.0
SKU005,2025-11-09,114,101.22,109.0,12.780000000000001,5.0
SKU006,2025-11-09,39,33.215,40.0,5.784999999999997,1.0
SKU007,2025-11-09,142,169.375,172.0,27.375,30.0
SKU008,2025-11-09,112,98.095,97.0,13.905000000000001,15.0
SKU009,2025-11-09,55,69.885,71.0,14.885000000000005,16.0
SKU010,2025-11-09,91,101.855,100.0,10.855000000000004,9.0
SKU011,2025-11-09,19,21.75,11.0,2.75,8.0
SKU012,2025-11-09,155,152.515,156.0,2.4850000000000136,1.0
SKU013,2025-11-09,84,74.32,72.0,9.680000000000007,12.0
SKU014,2025-11-09,117,122.855,130.0,5.855000000000004,13.0
SKU015,2025-11-09,13,20.365,25.0,7.364999999999998,12.0
SKU016,2025-11-09,92,85.315,84.0,6.685000000000002,8.0
SKU017,2025-11-09,103,83.265,95.0,19.735,8.0
SKU018,2025-11-09,157,165.09,162.0,8.090000000000003,5.0
SKU019,2025-11-09,103,94.02,95.0,8.980000000000004,8.0
SKU020,2025-11-09,78,88.815,81.0,10.814999999999998,3.0
SKU021,2025-11-09,46,52.92,58.0,6.920000000000002,12.0
SKU022,2025-11-09,44,53.495,54.0,9.494999999999997,10.0
SKU023,2025-11-09,91,86.795,85.0,4.204999999999998,6.0
SKU024,2025-11-09,82,83.42,78.0,1.4200000000000017,4.0
SKU025,2025-11-09,18,20.535,18.0,2.535,0.0
SKU026,2025-11-09,127,128.305,127.0,1.3050000000000068,0.0
SKU027,2025-11-09,147,137.96,143.0,9.039999999999992,4.0
SKU028,2025-11-09,30,33.965,32.0,3.9650000000000034,2.0
SKU029,2025-11-09,88,92.95,95.0,4.950000000000003,7.0
SKU030,2025-11-09,25,27.625,28.0,2.625,3.0
SKU031,2025-11-09,109,112.09,113.0,3.0900000000000034,4.0
SKU032,2025-11-09,61,57.51,68.0,3.490000000000002,7.0
SKU033,2025-11-09,119,104.7,123.0,14.299999999999997,4.0
SKU034,2025-11-09,129,117.13,122.0,11.870000000000005,7.0
SKU035,2025-11-09,113,120.805,124.0,7.805000000000007,11.0
SKU036,2025-11-09,27,27.11,33.0,0.10999999999999943,6.0
SKU037,2025-11-09,171,159.77,162.0,11.22999999999999,9.0
SKU038,2025-11-09,50,39.425,34.0,10.575000000000003,16.0
SKU039,2025-11-09,18,23.135,24.0,5.135000000000002,6.0
SKU040,2025-11-09,89,97.03,114.0,8.030000000000001,25.0
SKU041,2025-11-09,79,66.58,75.0,12.420000000000002,4.0
SKU042,2025-11-09,141,125.115,121.0,15.885000000000005,20.0
SKU043,2025-11-09,148,127.9,128.0,20.099999999999994,20.0
SKU044,2025-11-09,58,48.335,48.0,9.665,10.0
SKU045,2025-11-09,154,137.515,143.0,16.485000000000014,11.0
SKU046,2025-11-09,49,50.945,56.0,1.9450000000000003,7.0
SKU047,2025-11-09,102,88.88,93.0,13.120000000000005,9.0
SKU048,2025-11-09,63,51.165,45.0,11.835,18.0
SKU049,2025-11-09,152,153.965,160.0,1.9650000000000034,8.0
SKU050,2025-11-09,46,37.385,54.0,8.615000000000002,8.0
SKU001,2025-11-16,87,79.21,80.0,7.790000000000006,7.0
SKU002,2025-11-16,60,65.82,67.0,5.819999999999993,7.0
SKU003,2025-11-16,37,36.42,38.0,0.5799999999999983,1.0
SKU004,2025-11-16,31,25.49,26.0,5.510000000000002,5.0
SKU005,2025-11-16,102,113.095,123.0,11.094999999999999,21.0
SKU006,2025-11-16,31,34.485,28.0,3.4849999999999994,3.0
SKU007,2025-11-16,131,151.39,159.0,20.389999999999986,28.0
SKU008,2025-11-16,94,98.76,106.0,4.760000000000005,12.0
SKU009,2025-11-16,62,62.04,67.0,0.03999999999999915,5.0
SKU010,2025-11-16,105,96.275,113.0,8.724999999999994,8.0
SKU011,2025-11-16,25,20.61,16.0,4.390000000000001,9.0
SKU012,2025-11-16,163,163.655,179.0,0.6550000000000011,16.0
SKU013,2025-11-16,89,82.22,96.0,6.780000000000001,7.0
SKU014,2025-11-16,130,120.515,124.0,9.485,6.0
SKU015,2025-11-16,24,21.085,19.0,2.914999999999999,5.0
SKU016,2025-11-16,95,88.49,104.0,6.510000000000005,9.0
SKU017,2025-11-16,88,88.9,86.0,0.9000000000000057,2.0
SKU018,2025-11-16,142,145.165,150.0,3.164999999999992,8.0
SKU019,2025-11-16,112,100.375,112.0,11.625,0.0
SKU020,2025-11-16,92,79.61,87.0,12.39,5.0
SKU021,2025-11-16,45,60.785,63.0,15.784999999999997,18.0
SKU022,2025-11-16,78,62.895,69.0,15.104999999999997,9.0
SKU023,2025-11-16,88,91.305,94.0,3.305000000000007,6.0
SKU024,2025-11-16,82,85.535,72.0,3.5349999999999966,10.0
SKU025,2025-11-16,18,20.615,17.0,2.6149999999999984,1.0
SKU026,2025-11-16,130,146.51,156.0,16.50999999999999,26.0
SKU027,2025-11-16,149,141.07,153.0,7.930000000000007,4.0
SKU028,2025-11-16,40,31.35,33.0,8.649999999999999,7.0
SKU029,2025-11-16,98,99.2,110.0,1.2000000000000028,12.0
SKU030,2025-11-16,34,27.6,30.0,6.399999999999999,4.0
SKU031,2025-11-16,131,108.96,105.0,22.040000000000006,26.0
SKU032,2025-11-16,54,50.595,53.0,3.405000000000001,1.0
SKU033,2025-11-16,116,103.025,103.0,12.974999999999994,13.0
SKU034,2025-11-16,118,128.815,131.0,10.814999999999998,13.0
SKU035,2025-11-16,124,120.31,117.0,3.6899999999999977,7.0
SKU036,2025-11-16,30,28.975,40.0,1.0249999999999986,10.0
SKU037,2025-11-16,150,167.09,161.0,17.090000000000003,11.0
SKU038,2025-11-16,48,46.38,52.0,1.6199999999999974,4.0
SKU039,2025-11-16,24,20.23,18.0,3.7699999999999996,6.0
SKU040,2025-11-16,98,91.995,101.0,6.0049999999999955,3.0
SKU041,2025-11-16,65,62.715,65.0,2.2849999999999966,0.0
SKU042,2025-11-16,132,136.225,148.0,4.224999999999994,16.0
SKU043,2025-11-16,145,134.27,140.0,10.72999999999999,5.0
SKU044,2025-11-16,53,53.71,54.0,0.7100000000000009,1.0
SKU045,2025-11-16,150,158.615,170.0,8.615000000000009,20.0
SKU046,2025-11-16,56,57.65,69.0,1.6499999999999986,13.0
SKU047,2025-11-16,101,85.77,82.0,15.230000000000004,19.0
SKU048,2025-11-16,47,53.66,57.0,6.659999999999997,10.0
SKU049,2025-11-16,160,144.1,141.0,15.900000000000006,19.0
SKU050,2025-11-16,40,38.285,48.0,1.7150000000000034,8.0
SKU001,2025-11-23,84,83.69,88.0,0.3100000000000023,4.0
SKU002,2025-11-23,64,63.215,66.0,0.7849999999999966,2.0
SKU003,2025-11-23,41,31.39,39.0,9.61,2.0
SKU004,2025-11-23,28,23.795,19.0,4.204999999999998,9.0
SKU005,2025-11-23,115,104.695,104.0,10.305000000000007,11.0
SKU006,2025-11-23,45,30.485,41.0,14.515,4.0
SKU007,2025-11-23,157,155.085,167.0,1.914999999999992,10.0
SKU008,2025-11-23,91,99.09,88.0,8.090000000000003,3.0
SKU009,2025-11-23,63,51.785,60.0,11.215000000000003,3.0
SKU010,2025-11-23,102,101.86,121.0,0.14000000000000057,19.0
SKU011,2025-11-23,9,19.995,25.0,10.995000000000001,16.0
SKU012,2025-11-23,155,176.36,177.0,21.360000000000014,22.0
SKU013,2025-11-23,80,85.465,101.0,5.465000000000003,21.0
SKU014,2025-11-23,130,128.85,152.0,1.1500000000000057,22.0
SKU015,2025-11-23,24,23.015,34.0,0.9849999999999994,10.0
SKU016,2025-11-23,75,96.11,94.0,21.11,19.0
SKU017,2025-11-23,87,85.105,97.0,1.894999999999996,10.0
SKU018,2025-11-23,150,150.26,153.0,0.2599999999999909,3.0
SKU019,2025-11-23,110,110.97,113.0,0.9699999999999989,3.0
SKU020,2025-11-23,81,90.6,69.0,9.599999999999994,12.0
SKU021,2025-11-23,43,50.27,54.0,7.270000000000003,11.0
SKU022,2025-11-23,53,62.535,64.0,9.534999999999997,11.0
SKU023,2025-11-23,88,84.79,98.0,3.2099999999999937,10.0
SKU024,2025-11-23,80,81.43,74.0,1.4300000000000068,6.0
SKU025,2025-11-23,12,22.995,26.0,10.995000000000001,14.0
SKU026,2025-11-23,128,125.62,124.0,2.3799999999999955,4.0
SKU027,2025-11-23,163,160.285,163.0,2.7150000000000034,0.0
SKU028,2025-11-23,39,36.84,30.0,2.1599999999999966,9.0
SKU029,2025-11-23,97,106.235,114.0,9.235,17.0
SKU030,2025-11-23,33,29.085,30.0,3.914999999999999,3.0
SKU031,2025-11-23,113,110.58,113.0,2.4200000000000017,0.0
SKU032,2025-11-23,70,54.56,41.0,15.439999999999998,29.0
SKU033,2025-11-23,120,115.65,109.0,4.349999999999994,11.0
SKU034,2025-11-23,133,115.675,121.0,17.325000000000003,12.0
SKU035,2025-11-23,133,127.455,135.0,5.545000000000002,2.0
SKU036,2025-11-23,35,31.945,33.0,3.0549999999999997,2.0
SKU037,2025-11-23,166,147.41,147.0,18.590000000000003,19.0
SKU038,2025-11-23,61,46.885,49.0,14.115000000000002,12.0
SKU039,2025-11-23,18,17.66,24.0,0.33999999999999986,6.0
SKU040,2025-11-23,86,89.79,92.0,3.7900000000000063,6.0
SKU041,2025-11-23,52,63.75,62.0,11.75,10.0
SKU042,2025-11-23,124,133.195,138.0,9.194999999999993,14.0
SKU043,2025-11-23,144,142.07,142.0,1.9300000000000068,2.0
SKU044,2025-11-23,46,52.98,44.0,6.979999999999997,2.0
SKU045,2025-11-23,155,157.86,162.0,2.8600000000000136,7.0
SKU046,2025-11-23,53,55.815,60.0,2.8149999999999977,7.0
SKU047,2025-11-23,81,94.415,85.0,13.415000000000006,4.0
SKU048,2025-11-23,63,54.09,55.0,8.909999999999997,8.0
SKU049,2025-11-23,139,151.82,136.0,12.819999999999993,3.0
SKU050,2025-11-23,41,35.695,39.0,5.305,2.0
SKU001,2025-11-30,84,83.44,68.0,0.5600000000000023,16.0
SKU002,2025-11-30,66,66.07,57.0,0.06999999999999318,9.0
SKU003,2025-11-30,29,36.49,36.0,7.490000000000002,7.0
SKU004,2025-11-30,22,32.635,24.0,10.634999999999998,2.0
SKU005,2025-11-30,100,98.345,79.0,1.6550000000000011,21.0
SKU006,2025-11-30,40,37.855,44.0,2.145000000000003,4.0
SKU007,2025-11-30,181,141.985,132.0,39.014999999999986,49.0
SKU008,2025-11-30,117,100.525,108.0,16.474999999999994,9.0
SKU009,2025-11-30,66,63.6,52.0,2.3999999999999986,14.0
SKU010,2025-11-30,104,104.125,93.0,0.125,11.0
SKU011,2025-11-30,15,19.115,22.0,4.114999999999998,7.0
SKU012,2025-11-30,161,168.25,170.0,7.25,9.0
SKU013,2025-11-30,95,77.63,81.0,17.370000000000005,14.0
SKU014,2025-11-30,151,131.43,142.0,19.569999999999993,9.0
SKU015,2025-11-30,31,18.09,22.0,12.91,9.0
SKU016,2025-11-30,71,87.385,97.0,16.385000000000005,26.0
SKU017,2025-11-30,90,81.22,82.0,8.780000000000001,8.0
SKU018,2025-11-30,152,151.965,143.0,0.03499999999999659,9.0
SKU019,2025-11-30,88,113.675,110.0,25.674999999999997,22.0
SKU020,2025-11-30,97,80.19,84.0,16.810000000000002,13.0
SKU021,2025-11-30,47,51.47,37.0,4.469999999999999,10.0
SKU022,2025-11-30,69,59.605,61.0,9.395000000000003,8.0
SKU023,2025-11-30,90,107.095,111.0,17.095,21.0
SKU024,2025-11-30,76,79.015,65.0,3.0150000000000006,11.0
SKU025,2025-11-30,9,20.08,5.0,11.079999999999998,4.0
SKU026,2025-11-30,126,126.385,116.0,0.3850000000000051,10.0
SKU027,2025-11-30,162,146.865,152.0,15.134999999999991,10.0
SKU028,2025-11-30,34,33.93,41.0,0.07000000000000028,7.0
SKU029,2025-11-30,96,87.01,83.0,8.989999999999995,13.0
SKU030,2025-11-30,26,31.03,32.0,5.030000000000001,6.0
SKU031,2025-11-30,104,108.98,103.0,4.980000000000004,1.0
SKU032,2025-11-30,50,61.815,50.0,11.814999999999998,0.0
SKU033,2025-11-30,121,97.575,86.0,23.424999999999997,35.0
SKU034,2025-11-30,130,130.6,142.0,0.5999999999999943,12.0
SKU035,2025-11-30,131,125.175,132.0,5.825000000000003,1.0
SKU036,2025-11-30,31,28.31,25.0,2.6900000000000013,6.0
SKU037,2025-11-30,144,137.38,133.0,6.6200000000000045,11.0
SKU038,2025-11-30,61,57.67,34.0,3.3299999999999983,27.0
SKU039,2025-11-30,13,18.33,11.0,5.329999999999998,2.0
SKU040,2025-11-30,76,82.525,92.0,6.525000000000006,16.0
SKU041,2025-11-30,83,64.66,66.0,18.340000000000003,17.0
SKU042,2025-11-30,142,126.595,133.0,15.405000000000001,9.0
SKU043,2025-11-30,113,144.175,127.0,31.17500000000001,14.0
SKU044,2025-11-30,57,50.36,59.0,6.640000000000001,2.0
SKU045,2025-11-30,164,155.36,161.0,8.639999999999986,3.0
SKU046,2025-11-30,52,53.5,48.0,1.5,4.0
SKU047,2025-11-30,90,82.24,78.0,7.760000000000005,12.0
SKU048,2025-11-30,36,57.01,56.0,21.009999999999998,20.0
SKU049,2025-11-30,159,147.58,145.0,11.419999999999987,14.0
SKU050,2025-11-30,30,43.065,37.0,13.064999999999998,7.0
SKU001,2025-12-07,88,80.76,83.0,7.239999999999995,5.0
SKU002,2025-12-07,51,60.285,66.0,9.284999999999997,15.0
SKU003,2025-12-07,38,35.615,38.0,2.384999999999998,0.0
SKU004,2025-12-07,28,27.045,30.0,0.9549999999999983,2.0
SKU005,2025-12-07,96,105.145,95.0,9.144999999999996,1.0
SKU006,2025-12-07,37,37.125,44.0,0.125,7.0
SKU007,2025-12-07,145,153.68,148.0,8.680000000000007,3.0
SKU008,2025-12-07,97,106.49,109.0,9.489999999999995,12.0
SKU009,2025-12-07,77,54.065,55.0,22.935000000000002,22.0
SKU010,2025-12-07,126,97.99,99.0,28.010000000000005,27.0
SKU011,2025-12-07,17,17.76,25.0,0.7600000000000016,8.0
SKU012,2025-12-07,167,152.945,147.0,14.055000000000007,20.0
SKU013,2025-12-07,78,90.66,95.0,12.659999999999997,17.0
SKU014,2025-12-07,124,132.1,128.0,8.099999999999994,4.0
SKU015,2025-12-07,22,22.935,29.0,0.9349999999999987,7.0
SKU016,2025-12-07,77,85.7,83.0,8.700000000000003,6.0
SKU017,2025-12-07,105,84.79,81.0,20.209999999999994,24.0
SKU018,2025-12-07,158,165.105,182.0,7.10499999999999,24.0
SKU019,2025-12-07,103,106.025,120.0,3.0250000000000057,17.0
SKU020,2025-12-07,85,87.715,88.0,2.7150000000000034,3.0
SKU021,2025-12-07,52,45.655,55.0,6.344999999999999,3.0
SKU022,2025-12-07,70,59.185,62.0,10.814999999999998,8.0
SKU023,2025-12-07,97,90.22,104.0,6.780000000000001,7.0
SKU024,2025-12-07,93,84.65,76.0,8.349999999999994,17.0
SKU025,2025-12-07,18,20.48,22.0,2.4800000000000004,4.0
SKU026,2025-12-07,157,152.9,162.0,4.099999999999994,5.0
SKU027,2025-12-07,153,156.895,153.0,3.8950000000000102,0.0
SKU028,2025-12-07,40,34.115,36.0,5.884999999999998,4.0
SKU029,2025-12-07,87,107.835,110.0,20.834999999999994,23.0
SKU030,2025-12-07,25,27.71,30.0,2.710000000000001,5.0
SKU031,2025-12-07,96,109.425,114.0,13.424999999999997,18.0
SKU032,2025-12-07,60,53.325,54.0,6.674999999999997,6.0
SKU033,2025-12-07,117,113.505,107.0,3.4950000000000045,10.0
SKU034,2025-12-07,147,123.605,128.0,23.394999999999996,19.0
SKU035,2025-12-07,128,132.19,135.0,4.189999999999998,7.0
SKU036,2025-12-07,27,30.84,26.0,3.84,1.0
SKU037,2025-12-07,155,159.295,171.0,4.2949999999999875,16.0
SKU038,2025-12-07,39,52.62,55.0,13.619999999999997,16.0
SKU039,2025-12-07,23,16.88,14.0,6.120000000000001,9.0
SKU040,2025-12-07,103,84.5,97.0,18.5,6.0
SKU041,2025-12-07,78,70.495,75.0,7.5049999999999955,3.0
SKU042,2025-12-07,156,144.19,159.0,11.810000000000002,3.0
SKU043,2025-12-07,127,135.37,147.0,8.370000000000005,20.0
SKU044,2025-12-07,52,53.625,50.0,1.625,2.0
SKU045,2025-12-07,166,162.025,151.0,3.9749999999999943,15.0
SKU046,2025-12-07,56,55.545,51.0,0.4549999999999983,5.0
SKU047,2025-12-07,108,87.27,78.0,20.730000000000004,30.0
SKU048,2025-12-07,57,48.12,50.0,8.880000000000003,7.0
SKU049,2025-12-07,167,153.525,149.0,13.474999999999994,18.0
SKU050,2025-12-07,40,38.595,33.0,1.4050000000000011,7.0
SKU001,2025-12-14,89,87.23,94.0,1.769999999999996,5.0
SKU002,2025-12-14,55,57.45,57.0,2.450000000000003,2.0
SKU003,2025-12-14,33,33.065,23.0,0.06499999999999773,10.0
SKU004,2025-12-14,39,28.37,33.0,10.629999999999999,6.0
SKU005,2025-12-14,103,108.17,107.0,5.170000000000002,4.0
SKU006,2025-12-14,41,35.0,34.0,6.0,7.0
SKU007,2025-12-14,154,146.965,137.0,7.034999999999997,17.0
SKU008,2025-12-14,112,106.96,104.0,5.040000000000006,8.0
SKU009,2025-12-14,82,67.645,71.0,14.355000000000004,11.0
SKU010,2025-12-14,108,109.8,106.0,1.7999999999999972,2.0
SKU011,2025-12-14,23,17.625,15.0,5.375,8.0
SKU012,2025-12-14,155,171.91,184.0,16.909999999999997,29.0
SKU013,2025-12-14,107,86.1,94.0,20.900000000000006,13.0
SKU014,2025-12-14,137,135.71,135.0,1.289999999999992,2.0
SKU015,2025-12-14,31,25.3,21.0,5.699999999999999,10.0
SKU016,2025-12-14,78,78.905,71.0,0.9050000000000011,7.0
SKU017,2025-12-14,96,88.345,88.0,7.655000000000001,8.0
SKU018,2025-12-14,162,154.475,150.0,7.525000000000006,12.0
SKU019,2025-12-14,96,101.925,97.0,5.924999999999997,1.0
SKU020,2025-12-14,82,81.155,80.0,0.8449999999999989,2.0
SKU021,2025-12-14,59,53.485,63.0,5.515000000000001,4.0
SKU022,2025-12-14,60,65.935,70.0,5.935000000000002,10.0
SKU023,2025-12-14,98,93.165,80.0,4.834999999999994,18.0
SKU024,2025-12-14,72,90.355,101.0,18.355000000000004,29.0
SKU025,2025-12-14,13,19.225,24.0,6.225000000000001,11.0
SKU026,2025-12-14,128,137.64,148.0,9.639999999999986,20.0
SKU027,2025-12-14,161,155.655,154.0,5.344999999999999,7.0
SKU028,2025-12-14,25,38.885,48.0,13.884999999999998,23.0
SKU029,2025-12-14,115,90.39,95.0,24.61,20.0
SKU030,2025-12-14,35,31.655,38.0,3.344999999999999,3.0
SKU031,2025-12-14,104,103.745,107.0,0.25499999999999545,3.0
SKU032,2025-12-14,56,50.16,58.0,5.840000000000003,2.0
SKU033,2025-12-14,109,118.025,127.0,9.025000000000006,18.0
SKU034,2025-12-14,118,134.03,137.0,16.03,19.0
SKU035,2025-12-14,128,134.94,133.0,6.939999999999998,5.0
SKU036,2025-12-14,31,30.765,36.0,0.23499999999999943,5.0
SKU037,2025-12-14,133,163.925,173.0,30.92500000000001,40.0
SKU038,2025-12-14,49,51.22,56.0,2.219999999999999,7.0
SKU039,2025-12-14,15,17.535,17.0,2.535,2.0
SKU040,2025-12-14,101,90.51,90.0,10.489999999999995,11.0
SKU041,2025-12-14,66,67.625,54.0,1.625,12.0
SKU042,2025-12-14,125,145.78,132.0,20.78,7.0
SKU043,2025-12-14,142,132.715,133.0,9.284999999999997,9.0
SKU044,2025-12-14,57,51.785,54.0,5.215000000000003,3.0
SKU045,2025-12-14,152,152.98,149.0,0.9799999999999898,3.0
SKU046,2025-12-14,66,58.79,63.0,7.210000000000001,3.0
SKU047,2025-12-14,86,90.16,85.0,4.159999999999997,1.0
SKU048,2025-12-14,55,53.71,55.0,1.2899999999999991,0.0
SKU049,2025-12-14,171,152.43,150.0,18.569999999999993,21.0
SKU050,2025-12-14,34,35.385,37.0,1.384999999999998,3.0
SKU001,2025-12-21,91,81.955,77.0,9.045000000000002,14.0
SKU002,2025-12-21,55,61.59,59.0,6.590000000000003,4.0
SKU003,2025-12-21,23,35.885,48.0,12.884999999999998,25.0
SKU004,2025-12-21,38,31.57,27.0,6.43,11.0
SKU005,2025-12-21,100,101.53,110.0,1.5300000000000011,10.0
SKU006,2025-12-21,41,38.35,44.0,2.6499999999999986,3.0
SKU007,2025-12-21,149,157.57,167.0,8.569999999999993,18.0
SKU008,2025-12-21,100,101.305,82.0,1.3050000000000068,18.0
SKU009,2025-12-21,69,73.92,76.0,4.920000000000002,7.0
SKU010,2025-12-21,102,108.335,109.0,6.334999999999994,7.0
SKU011,2025-12-21,18,17.725,20.0,0.2749999999999986,2.0
SKU012,2025-12-21,171,163.515,161.0,7.485000000000014,10.0
SKU013,2025-12-21,96,88.305,84.0,7.694999999999993,12.0
SKU014,2025-12-21,116,138.175,141.0,22.17500000000001,25.0
SKU015,2025-12-21,21,27.315,26.0,6.315000000000001,5.0
SKU016,2025-12-21,74,79.905,82.0,5.905000000000001,8.0
SKU017,2025-12-21,81,92.245,80.0,11.245000000000005,1.0
SKU018,2025-12-21,160,168.05,172.0,8.050000000000011,12.0
SKU019,2025-12-21,107,102.745,106.0,4.2549999999999955,1.0
SKU020,2025-12-21,74,84.02,81.0,10.019999999999996,7.0
SKU021,2025-12-21,47,53.95,50.0,6.950000000000003,3.0
SKU022,2025-12-21,62,58.015,46.0,3.9849999999999994,16.0
SKU023,2025-12-21,96,96.745,90.0,0.7450000000000045,6.0
SKU024,2025-12-21,85,76.06,75.0,8.939999999999998,10.0
SKU025,2025-12-21,14,18.65,22.0,4.649999999999999,8.0
SKU026,2025-12-21,156,132.36,131.0,23.639999999999986,25.0
SKU027,2025-12-21,182,154.045,133.0,27.955000000000013,49.0
SKU028,2025-12-21,22,36.275,45.0,14.274999999999999,23.0
SKU029,2025-12-21,104,103.74,109.0,0.2600000000000051,5.0
SKU030,2025-12-21,26,30.41,32.0,4.41,6.0
SKU031,2025-12-21,132,104.28,106.0,27.72,26.0
SKU032,2025-12-21,68,61.26,59.0,6.740000000000002,9.0
SKU033,2025-12-21,116,118.47,120.0,2.469999999999999,4.0
SKU034,2025-12-21,119,129.585,114.0,10.585000000000008,5.0
SKU035,2025-12-21,127,135.065,134.0,8.064999999999998,7.0
SKU036,2025-12-21,36,28.585,25.0,7.414999999999999,11.0
SKU037,2025-12-21,139,174.305,177.0,35.30500000000001,38.0
SKU038,2025-12-21,49,55.345,45.0,6.344999999999999,4.0
SKU039,2025-12-21,12,19.795,13.0,7.795000000000002,1.0
SKU040,2025-12-21,93,94.425,99.0,1.4249999999999972,6.0
SKU041,2025-12-21,71,83.195,79.0,12.194999999999993,8.0
SKU042,2025-12-21,173,129.025,122.0,43.974999999999994,51.0
SKU043,2025-12-21,132,135.06,133.0,3.0600000000000023,1.0
SKU044,2025-12-21,61,55.715,52.0,5.284999999999997,9.0
SKU045,2025-12-21,123,157.47,159.0,34.47,36.0
SKU046,2025-12-21,57,48.445,59.0,8.555,2.0
SKU047,2025-12-21,100,87.875,92.0,12.125,8.0
SKU048,2025-12-21,58,54.045,41.0,3.9549999999999983,17.0
SKU049,2025-12-21,147,162.645,161.0,15.64500000000001,14.0
SKU050,2025-12-21,34,37.2,32.0,3.200000000000003,2.0
SKU001,2025-12-28,76,90.995,105.0,14.995000000000005,29.0
SKU002,2025-12-28,51,66.155,65.0,15.155000000000001,14.0
SKU003,2025-12-28,34,32.02,30.0,1.9799999999999969,4.0
SKU004,2025-12-28,30,33.36,28.0,3.3599999999999994,2.0
SKU005,2025-12-28,108,101.71,106.0,6.290000000000006,2.0
SKU006,2025-12-28,43,36.76,48.0,6.240000000000002,5.0
SKU007,2025-12-28,161,151.65,147.0,9.349999999999994,14.0
SKU008,2025-12-28,105,101.875,97.0,3.125,8.0
SKU009,2025-12-28,77,69.055,68.0,7.944999999999993,9.0
SKU010,2025-12-28,102,104.455,109.0,2.4549999999999983,7.0
SKU011,2025-12-28,22,17.125,17.0,4.875,5.0
SKU012,2025-12-28,150,163.82,161.0,13.819999999999993,11.0
SKU013,2025-12-28,71,88.805,83.0,17.805000000000007,12.0
SKU014,2025-12-28,122,126.9,135.0,4.900000000000006,13.0
SKU015,2025-12-28,27,28.04,32.0,1.0399999999999991,5.0
SKU016,2025-12-28,104,73.665,75.0,30.334999999999994,29.0
SKU017,2025-12-28,98,85.625,94.0,12.375,4.0
SKU018,2025-12-28,161,154.275,154.0,6.724999999999994,7.0
SKU019,2025-12-28,104,99.275,86.0,4.724999999999994,18.0
SKU020,2025-12-28,99,87.045,87.0,11.954999999999998,12.0
SKU021,2025-12-28,50,47.41,54.0,2.5900000000000034,4.0
SKU022,2025-12-28,84,65.125,59.0,18.875,25.0
SKU023,2025-12-28,99,90.435,99.0,8.564999999999998,0.0
SKU024,2025-12-28,71,78.6,71.0,7.599999999999994,0.0
SKU025,2025-12-28,16,19.53,16.0,3.530000000000001,0.0
SKU026,2025-12-28,135,141.5,145.0,6.5,10.0
SKU027,2025-12-28,144,170.865,172.0,26.86500000000001,28.0
SKU028,2025-12-28,31,31.975,37.0,0.9750000000000014,6.0
SKU029,2025-12-28,97,101.085,96.0,4.084999999999994,1.0
SKU030,2025-12-28,28,25.605,27.0,2.3949999999999996,1.0
SKU031,2025-12-28,97,107.685,108.0,10.685000000000002,11.0
SKU032,2025-12-28,51,61.03,64.0,10.030000000000001,13.0
SKU033,2025-12-28,96,112.83,108.0,16.83,12.0
SKU034,2025-12-28,124,130.46,127.0,6.460000000000008,3.0
SKU035,2025-12-28,148,135.915,126.0,12.085000000000008,22.0
SKU036,2025-12-28,30,33.195,37.0,3.1950000000000003,7.0
SKU037,2025-12-28,161,142.905,137.0,18.095,24.0
SKU038,2025-12-28,56,54.575,45.0,1.4249999999999972,11.0
SKU039,2025-12-28,21,21.09,16.0,0.08999999999999986,5.0
SKU040,2025-12-28,76,95.78,103.0,19.78,27.0
SKU041,2025-12-28,70,73.695,80.0,3.694999999999993,10.0
SKU042,2025-12-28,148,150.55,158.0,2.5500000000000114,10.0
SKU043,2025-12-28,126,131.475,131.0,5.474999999999994,5.0
SKU044,2025-12-28,61,58.27,60.0,2.729999999999997,1.0
SKU045,2025-12-28,157,161.715,190.0,4.715000000000003,33.0
SKU046,2025-12-28,58,62.73,66.0,4.729999999999997,8.0
SKU047,2025-12-28,88,90.035,82.0,2.0349999999999966,6.0
SKU048,2025-12-28,40,55.835,62.0,15.835,22.0
SKU049,2025-12-28,166,139.015,135.0,26.985000000000014,31.0
SKU050,2025-12-28,49,36.865,54.0,12.134999999999998,5.0
