SKU,Feature_Week_Ending,Forecast_Weekly_Units
SKU025,2025-12-28,17.225
SKU048,2025-12-28,45.815
SKU021,2025-12-28,49.2
SKU020,2025-12-28,94.405
SKU019,2025-12-28,102.46
SKU018,2025-12-28,158.305
SKU017,2025-12-28,94.005
SKU016,2025-12-28,95.47
SKU015,2025-12-28,27.04
SKU014,2025-12-28,123.49
SKU013,2025-12-28,77.285
SKU012,2025-12-28,155.96
SKU011,2025-12-28,20.165
SKU010,2025-12-28,102.17
SKU009,2025-12-28,74.1
SKU008,2025-12-28,103.6
SKU007,2025-12-28,158.9
SKU006,2025-12-28,40.035
SKU005,2025-12-28,106.38
SKU004,2025-12-28,31.32
SKU003,2025-12-28,33.825
SKU002,2025-12-28,55.95
SKU001,2025-12-28,82.035
SKU022,2025-12-28,78.56
SKU049,2025-12-28,155.295
SKU023,2025-12-28,95.7
SKU026,2025-12-28,138.0
SKU047,2025-12-28,87.565
SKU046,2025-12-28,59.18
SKU045,2025-12-28,158.285
SKU044,2025-12-28,59.66
SKU043,2025-12-28,126.785
SKU042,2025-12-28,149.075
SKU041,2025-12-28,71.51
SKU040,2025-12-28,84.69
SKU039,2025-12-28,20.71
SKU038,2025-12-28,54.68
SKU037,2025-12-28,153.21
SKU036,2025-12-28,31.025
SKU035,2025-12-28,142.91
SKU034,2025-12-28,125.54
SKU033,2025-12-28,102.66
SKU032,2025-12-28,53.94
SKU031,2025-12-28,101.29
SKU030,2025-12-28,27.08
SKU029,2025-12-28,98.96
SKU028,2025-12-28,31.375
SKU027,2025-12-28,153.505
SKU024,2025-12-28,73.62
SKU050,2025-12-28,45.305
